model,score_test,score_val,eval_metric,pred_time_test,pred_time_val,fit_time,pred_time_test_marginal,pred_time_val_marginal,fit_time_marginal,stack_level,can_infer,fit_order
CatBoost,0.34711570523507834,0.35,accuracy,0.04671978950500488,0.014856338500976562,12.271931648254395,0.04671978950500488,0.014856338500976562,12.271931648254395,1,True,3
RandomForest,0.33544514838279427,0.26,accuracy,0.15669751167297363,0.0673832893371582,0.7189319133758545,0.15669751167297363,0.0673832893371582,0.7189319133758545,1,True,2
ExtraTrees,0.3284428142714238,0.28,accuracy,0.22524809837341309,0.06549358367919922,0.7517313957214355,0.22524809837341309,0.06549358367919922,0.7517313957214355,1,True,4
WeightedEnsemble_L2,0.31077025675225073,0.36,accuracy,0.08256292343139648,0.010428905487060547,3.1672136783599854,0.006801128387451172,0.0006380081176757812,0.05624818801879883,2,True,7
LightGBM,0.2994331443814605,0.35,accuracy,0.012942075729370117,0.003377676010131836,1.0920143127441406,0.012942075729370117,0.003377676010131836,1.0920143127441406,1,True,1
XGBoost,0.2870956985661887,0.34,accuracy,0.0628197193145752,0.00641322135925293,2.018951177597046,0.0628197193145752,0.00641322135925293,2.018951177597046,1,True,5
LinearModel,0.2834278092697566,0.3,accuracy,0.21790409088134766,0.08105707168579102,4.1826324462890625,0.21790409088134766,0.08105707168579102,4.1826324462890625,1,True,6
