{
  "accuracy": 0.877162452656362,
  "balanced_accuracy": 0.798812234177877,
  "mcc": 0.6430979116755524,
  "roc_auc": 0.9321966210301899,
  "f1": 0.7150997150997151,
  "precision": 0.795142555438226,
  "recall": 0.6496980155306299,
  "eval_metric": "accuracy"
}