{
  "accuracy": 0.8761388064284983,
  "balanced_accuracy": 0.797843987100538,
  "mcc": 0.6402450906180814,
  "f1": 0.7131341868183974,
  "precision": 0.791578947368421,
  "recall": 0.6488352027610008
}
